Titulo,Ano,Duracao,Classificacao_Indicativa,Classificação_no_IMDb,Qtd_Avaliacoes,Direcao,Atores,Legenda,Prime_Video
Um Sonho de Liberdade,1994,2h 22m,16,"9,3","2,8 mi",Direção Frank Darabont,"Frank Darabont, Tim Robbins, Morgan Freeman","Dois homens presos se reúnem ao longo de vários anos, encontrando consolo e eventual redenção através de atos de decência comum.",https://www.primevideo.com/detail/amzn1.dv.gti.20b4c3cf-b703-aebb-41bd-0dc683f8c0c8
O Poderoso Chefão,1972,2h 55m,14,"9,2",2 mi,Direção Francis Ford Coppola,"Francis Ford Coppola, Marlon Brando, Al Pacino",O patriarca idoso de uma dinastia do crime organizado transfere o controle de seu império clandestino para seu filho relutante.,https://www.primevideo.com/detail/amzn1.dv.gti.e2aef408-a1ba-d501-4e4a-56369e813e64
Batman: O Cavaleiro das Trevas,2008,2h 32m,12,"9,0","2,8 mi",Direção Christopher Nolan,"Christopher Nolan, Christian Bale, Heath Ledger","Quando a ameaça conhecida como O Coringa surge de seu passado, causa estragos e caos nas pessoas de Gotham. O Cavaleiro das Trevas deve aceitar um dos maiores testes para combater a injustiça.",https://www.primevideo.com/detail/amzn1.dv.gti.18b7edbe-a800-19a8-45b5-c1804b71a7a5
O Poderoso Chefão II,1974,3h 22m,14,"9,0","1,3 mi",Direção Francis Ford Coppola,"Francis Ford Coppola, Al Pacino, Robert De Niro","Em 1950, Michael Corleone, agora à frente da família, tenta expandir o negócio do crime a Las Vegas, Los Angeles e Cuba. Paralelamente, é revelada a história de Vito Corleone, e de como saiu da Sicília e chegou a Nova Iorque.",https://www.primevideo.com/detail/amzn1.dv.gti.2e38f05f-166a-4bfc-beb7-5153250bcdb6
12 Homens e uma Sentença,1957,1h 36m,Livre,"9,0",836 mil,Direção Sidney Lumet,"Sidney Lumet, Henry Fonda, Lee J. Cobb","O julgamento de um assassinato em Nova Iorque é frustrado por um único membro, cujo ceticismo força o júri a considerar cuidadosamente as evidências antes de dar o veredito.",https://www.primevideo.com/detail/amzn1.dv.gti.b4b56443-0428-448c-35fa-81e2c7709788
A Lista de Schindler,1993,3h 15m,14,"9,0","1,4 mi",Direção Steven Spielberg,"Steven Spielberg, Liam Neeson, Ralph Fiennes","Na Polônia ocupada pelos alemães durante a Segunda Guerra Mundial, o industrial Oskar Schindler começa a ser preocupar com seus trabalhadores judeus depois de testemunhar sua perseguição pelos nazistas.",https://www.primevideo.com/detail/amzn1.dv.gti.9cabed31-31e5-e49a-41e9-0ea0423d2cbf
O Senhor dos Anéis: O Retorno do Rei,2003,3h 21m,14,"9,0","1,9 mi",Direção Peter Jackson,"Peter Jackson, Elijah Wood, Viggo Mortensen",Gandalf e Aragorn lideram o Mundo dos Homens contra o exército de Sauron para desviar o olhar de Frodo e Sam quando eles se aproximam á Montanha da Perdição com o Um Anel.,https://www.primevideo.com/detail/amzn1.dv.gti.91d91081-a2e1-4004-af7d-4efb31e99e27
Pulp Fiction - Tempo de Violência,1994,2h 34m,18,"8,9","2,2 mi",Direção Quentin Tarantino,"Quentin Tarantino, John Travolta, Uma Thurman","As vidas de dois assassinos da máfia, um boxeador, um gângster e sua esposa, e um par de bandidos se entrelaçam em quatro histórias de violência e redenção.",https://www.primevideo.com/detail/amzn1.dv.gti.6eabfbe6-d1b6-c160-b583-7edbaa26d96b
O Senhor dos Anéis: A Sociedade do Anel,2001,2h 58m,12,"8,8",2 mi,Direção Peter Jackson,"Peter Jackson, Elijah Wood, Ian McKellen",Um manso hobbit do Condado e oito companheiros partem em uma jornada para destruir o poderoso Um Anel e salvar a Terra-média das Trevas.,https://www.primevideo.com/detail/amzn1.dv.gti.f143d0a2-ea83-4f24-93cd-e5ed0d7bc3eb
Três Homens em Conflito,1966,2h 41m,14,"8,8",792 mil,Direção Sergio Leone,"Sergio Leone, Clint Eastwood, Eli Wallach",Um impostor se junta com dois homens para encontrar fortuna num remoto cemitério.,https://www.primevideo.com/detail/amzn1.dv.gti.8cb76505-a346-17ee-9039-c6087dac2d87
Forrest Gump: O Contador de Histórias,1994,2h 22m,14,"8,8","2,2 mi",Direção Robert Zemeckis,"Robert Zemeckis, Tom Hanks, Robin Wright","Os governos dos presidentes Kennedy e Johnson, os eventos do Vietnã e Watergate e outras histórias são mostradas através da perspectiva de um homem do Alabama com baixo quociente intelectual.",https://www.primevideo.com/detail/amzn1.dv.gti.8cac18a7-1751-3b35-5f7c-95b3f1a16ad0
Clube da Luta,1999,2h 19m,18,"8,8","2,2 mi",Direção David Fincher,"David Fincher, Brad Pitt, Edward Norton",Um trabalhador de escritório e um fabricante de sabonetes formam um clube de luta clandestino que evolui para algo muito maior.,https://www.primevideo.com/detail/amzn1.dv.gti.14b02470-fb0f-7d69-c65e-b9ab1c235283
O Senhor dos Anéis: As Duas Torres,2002,2h 59m,12,"8,8","1,7 mi",Direção Peter Jackson,"Peter Jackson, Elijah Wood, Ian McKellen","Enquanto Frodo e Sam estão perto de Mordor com a ajuda de Gollum, a divida comunhão luta contra Saruman e os Isengards.",https://www.primevideo.com/detail/amzn1.dv.gti.a4b62a25-51e9-1095-7aa8-6541579aeeb4
A Origem,2010,2h 28m,14,"8,8","2,5 mi",Direção Christopher Nolan,"Christopher Nolan, Leonardo DiCaprio, Joseph Gordon-Levitt",Um ladrão que rouba segredos corporativos através da tecnologia de entrar no subconsciente recebe a tarefa inversa de plantar uma idéia na mente do diretor de uma grande empresa.,https://www.primevideo.com/detail/amzn1.dv.gti.24b4e520-bf98-2aab-f015-ac9a41853e19
Star Wars: Episódio V - O Império Contra-Ataca,1980,2h 4m,Livre,"8,7","1,3 mi",Direção Irvin Kershner,"Irvin Kershner, Mark Hamill, Harrison Ford","Os rebeldes derrotaram o Império no planeta congelado Hoth. Luke Skywalker começa a treinar como um Jedi com Yoda, enquanto seus amigos são perseguidos por Darth Vader.",Sem link Prime
Matrix,1999,2h 16m,14,"8,7",2 mi,Direção Lana WachowskiLilly Wachowski,"Lana Wachowski, Lilly Wachowski, Keanu Reeves",Um hacker aprende com os misteriosos rebeldes sobre a verdadeira natureza de sua realidade e seu papel na guerra contra seus controladores.,https://www.primevideo.com/detail/amzn1.dv.gti.4cba6ae0-632f-da10-da94-61479391fc29
Os Bons Companheiros,1990,2h 25m,14,"8,7","1,2 mi",Direção Martin Scorsese,"Martin Scorsese, Robert De Niro, Ray Liotta","A historia do Henry Hill e sua vida na máfia, sua relação com sua esposa Karen Hill e seus colegas da máfia Jimmy Conway e Tommy DeVito no sindicato italo-americano do crime.",https://www.primevideo.com/detail/amzn1.dv.gti.22b54975-4ebc-89e2-1119-043fa3406660
Um Estranho no Ninho,1975,2h 13m,16,"8,7",1 mi,Direção Milos Forman,"Milos Forman, Jack Nicholson, Louise Fletcher","Um criminoso alega insanidade para ser enviado a um centro de saúde mental, onde se rebela contra a opressiva enfermeira e mobiliza os pacientes a quem ela atemoriza.",Sem link Prime
Seven: Os Sete Crimes Capitais,1995,2h 7m,14,"8,6","1,7 mi",Direção David Fincher,"David Fincher, Morgan Freeman, Brad Pitt","Dois detetives, um novato e um veterano, perseguem um assassino em série que usa os sete pecados capitais como motivos.",https://www.primevideo.com/detail/amzn1.dv.gti.c0b3e3dd-f017-b978-8eff-7bd125eabfcd
A Felicidade Não se Compra,1946,2h 10m,Livre,"8,6",480 mil,Direção Frank Capra,"Frank Capra, James Stewart, Donna Reed","Um anjo é enviado dos céus para ajudar um homem de negócios desesperado em sua frustração, e mostra a ele como seria a vida se nunca tivesse existido.",Sem link Prime
Homem-Aranha: Através do Aranhaverso,2023,2h 20m,10,"8,7",276 mil,Direção Joaquim Dos SantosKemp PowersJustin K. Thompson,"Joaquim Dos Santos, Kemp Powers, Justin K. Thompson","Miles Morales, o amigão da vizinhança Homem-Aranha, é transporado através do multiverso para unir forças com Gwen Stacy e um novo time de Pessoas-Aranha para enfrentar um vilão mais poderoso do que qualquer coisa que já tenham encontrado.",https://www.primevideo.com/detail/amzn1.dv.gti.87f7ea62-3ae7-4236-b955-c1f21da58d91
Os Sete Samurais,1954,3h 27m,10,"8,6",359 mil,Direção Akira Kurosawa,"Akira Kurosawa, Toshirô Mifune, Takashi Shimura",Uma aldeia pobre sob a ameaça de bandidos recruta sete samurais para ajudá-los a se defenderem.,Sem link Prime
Interestelar,2014,2h 49m,10,"8,7",2 mi,Direção Christopher Nolan,"Christopher Nolan, Matthew McConaughey, Anne Hathaway","Uma equipe de exploradores viaja através de um buraco de minhoca no espaço, na tentativa de garantir a sobrevivência da humanidade.",https://www.primevideo.com/detail/amzn1.dv.gti.1cb125e2-a86d-3537-4f6c-1be5f2e0f5f1
O Silêncio dos Inocentes,1991,1h 58m,14,"8,6","1,5 mi",Direção Jonathan Demme,"Jonathan Demme, Jodie Foster, Anthony Hopkins","Uma jovem deve receber a ajuda de um assassino canibal manipulador e preso para ajudar a capturar outro assassino em série, um louco que ataca suas vítimas.",https://www.primevideo.com/detail/amzn1.dv.gti.ceb69e4b-1b70-6fef-052c-e635e13a368b
O Resgate do Soldado Ryan,1998,2h 49m,14,"8,6","1,5 mi",Direção Steven Spielberg,"Steven Spielberg, Tom Hanks, Matt Damon","Depois de chegar a Normandía, um grupo de soldados precisam encontrar ao unico irmão vivo de tres que morreram na guerra.",https://www.primevideo.com/detail/amzn1.dv.gti.8cabfc06-d675-5806-a793-b71dc45aa728
Cidade de Deus,2002,2h 10m,18,"8,6",783 mil,Direção Fernando MeirellesKátia Lund,"Fernando Meirelles, Kátia Lund, Alexandre Rodrigues","Os caminhos de duas crianças divergem nas favelas do Rio, enquanto um se esforça para se tornar um fotógrafo e o outro um chefe do tráfico.",https://www.primevideo.com/detail/amzn1.dv.gti.a2bc1b9c-ef42-ef75-e8b7-ecc85a96bd42
A Vida é Bela,1997,1h 56m,Livre,"8,6",725 mil,Direção Roberto Benigni,"Roberto Benigni, Roberto Benigni, Nicoletta Braschi","Quando um bibliotecário judeu e seu filho se tornarem vítimas do Holocausto, ele usará uma mistura perfeita de vontade, humor e imaginação para proteger seu filho dos perigos do campo de concentração.",Sem link Prime
À Espera de um Milagre,1999,3h 9m,18,"8,6","1,4 mi",Direção Frank Darabont,"Frank Darabont, Tom Hanks, Michael Clarke Duncan","As vidas dos guardas de corredor da morte são afetadas por um dos detidos: um homem afro-americano acusado pelo assassinato e estupro de uma criança, mas com um presente misterioso.",https://www.primevideo.com/detail/amzn1.dv.gti.58a3ba5f-f6f9-4b10-9a10-678862b6b668
Star Wars: Episódio IV - Uma Nova Esperança,1977,2h 1m,Livre,"8,6","1,4 mi",Direção George Lucas,"George Lucas, Mark Hamill, Harrison Ford","Luke Skywalker une forças com um cabaleiro Jedi, um arrogante piloto é dois dróides para salvar a galaxia enquanto tentam salvar a princesa Leia do misterioso Darth Vader.",Sem link Prime
O Exterminador do Futuro 2: O Julgamento Final,1991,2h 17m,14,"8,6","1,1 mi",Direção James Cameron,"James Cameron, Arnold Schwarzenegger, Linda Hamilton","Um ciborgue, idêntico àquele que não conseguiu matar Sarah Connor, deve agora proteger seu filho adolescente, John Connor, de um ciborgue mais avançado e poderoso.",https://www.primevideo.com/detail/amzn1.dv.gti.4fd3709c-6816-4d98-8eea-9f2cfae81abb
De Volta para o Futuro,1985,1h 56m,Livre,"8,5","1,3 mi",Direção Robert Zemeckis,"Robert Zemeckis, Michael J. Fox, Christopher Lloyd","Marty McFly viaja para 1955 com a máquina do tempo do cientista Dr. Brown. Ele deve garantir que seus pais se apaixonem, para não arriscar sua própria existência.",https://www.imdb.com/showtimes/title/tt0088763/2023-10-22
A Viagem de Chihiro,2001,2h 5m,Livre,"8,6",813 mil,Direção Hayao Miyazaki,"Hayao Miyazaki, Daveigh Chase, Suzanne Pleshette","Durante a mudança de casa, uma menina de dez anos se maravilha num mundo de dioses, bruxas e espíritus e onde os humanos são transformados em bestas.",Sem link Prime
O Pianista,2002,2h 30m,14,"8,5",881 mil,Direção Roman Polanski,"Roman Polanski, Adrien Brody, Thomas Kretschmann",Um musico judeu luta para sobreviver a destruição de Varsóvia durante a segunda guerra mundial.,https://www.primevideo.com/detail/amzn1.dv.gti.d8b79c92-94a8-ce4e-4c80-d5bfcba1030a
Psicose,1960,1h 49m,14,"8,5",701 mil,Direção Alfred Hitchcock,"Alfred Hitchcock, Anthony Perkins, Janet Leigh","Uma secretária de Phoenix desvia dinheiro de um cliente de sua empresa, foge e vai a um motel remoto gerido por um jovem sob o domínio da mãe.",https://www.primevideo.com/detail/amzn1.dv.gti.8eb528b4-8a77-78f3-57d6-bb461948d594
Parasita,2019,2h 12m,16,"8,5",894 mil,Direção Bong Joon Ho,"Bong Joon Ho, Song Kang-ho, Lee Sun-kyun","Desempregados, a família de Ki-taek (Song Kang-ho) nutre um interesse peculiar pela família Park até que eles se veem presos em um inesperado incidente.",Sem link Prime
Gladiador,2000,2h 35m,14,"8,5","1,6 mi",Direção Ridley Scott,"Ridley Scott, Russell Crowe, Joaquin Phoenix",Um general romano planeja a melhor vingança contra o imperador corrupto que matou sua familia e o fez escravo.,https://www.primevideo.com/detail/amzn1.dv.gti.2a110cc9-da6a-4d14-ad80-b2091d0614ad
O Rei Leão,1994,1h 28m,Livre,"8,5","1,1 mi",Direção Roger AllersRob Minkoff,"Roger Allers, Rob Minkoff, Matthew Broderick",Um pequeno lion é obrigado por seu tío a fugir de casa e anos depois se da conta da sua identidade e suas responsabilidades.,Sem link Prime
O Profissional,1994,1h 50m,14,"8,5","1,2 mi",Direção Luc Besson,"Luc Besson, Jean Reno, Gary Oldman","Mathilda, uma menina de 12 anos é levada por Léon, um assassino profissional, depois que sua família é assassinada. Léon e Mathilda formam uma relação incomum, desde que ela se torna sua protegida.",https://www.primevideo.com/detail/amzn1.dv.gti.fab4b9d4-ed96-8083-a3fb-f85d2f62e8db
A Outra História Americana,1998,1h 59m,14,"8,5","1,2 mi",Direção Tony Kaye,"Tony Kaye, Edward Norton, Edward Furlong",Um neonazista tenta evitar que seu irmão mais novo tome o mesmo caminho errado que ele.,https://www.primevideo.com/detail/amzn1.dv.gti.34b528b4-60f3-d142-faca-47f23f240e7a
Os Infiltrados,2006,2h 31m,18,"8,5","1,4 mi",Direção Martin Scorsese,"Martin Scorsese, Leonardo DiCaprio, Matt Damon",Um policial disfarçado e um espião estão tentando se identificar enquanto se infiltram em uma gangue irlandesa no sul de Boston.,https://www.primevideo.com/detail/amzn1.dv.gti.2cb54975-53dc-c440-2479-089f5cf66ec3
Whiplash: Em Busca da Perfeição,2014,1h 46m,12,"8,5",937 mil,Direção Damien Chazelle,"Damien Chazelle, Miles Teller, J.K. Simmons",Um jovem e promissor baterista se matricula em um conservatório de música onde seus sonhos são guiados por um instrutor que não pára por nada para perceber o potencial de um aluno.,https://www.primevideo.com/detail/amzn1.dv.gti.2abc3212-82f7-4c19-63d4-2e29f5240c4d
O Grande Truque,2006,2h 10m,14,"8,5","1,4 mi",Direção Christopher Nolan,"Christopher Nolan, Christian Bale, Hugh Jackman","Depois de um trágico acidente, dois magos do palco se engajam em uma batalha para criar a ilusão final enquanto sacrificam tudo o que têm para enganar um ao outro.",https://www.primevideo.com/detail/amzn1.dv.gti.70b125e2-a9bc-e66f-f87d-118719427116
Os Suspeitos,1995,1h 46m,14,"8,5","1,1 mi",Direção Bryan Singer,"Bryan Singer, Kevin Spacey, Gabriel Byrne","O único sobrevivente conta os torcidos eventos duma luta com pistolas num bote, quanfo cinco criminais eram levados pela polícia.",Sem link Prime
Túmulo dos Vagalumes,1988,1h 29m,12,"8,5",297 mil,Direção Isao Takahata,"Isao Takahata, Tsutomu Tatsumi, Ayano Shiraishi",Um menino e sua irmã tentam sobreviver no Japão durante a Segunda Guerra Mundial.,Sem link Prime
Harakiri,1962,2h 13m,16,"8,6",64 mil,Direção Masaki Kobayashi,"Masaki Kobayashi, Tatsuya Nakadai, Akira Ishihama","Um velho samurai ronin chega à casa de um senhor feudal e pede um lugar honroso para cometer suicídio. Mas quando o ronin pede um samurai mais jovem que chegou antes, os eventos seguem um curso inesperado.",Sem link Prime
Oppenheimer,2023,3h,16,"8,5",459 mil,Direção Christopher Nolan,"Christopher Nolan, Cillian Murphy, Emily Blunt",A história do cientista americano J. Robert Oppenheimer e o seu papel no desenvolvimento da bomba atômica.,https://www.imdb.com/showtimes/title/tt15398776/2023-10-14
Casablanca,1942,1h 42m,Livre,"8,5",593 mil,Direção Michael Curtiz,"Michael Curtiz, Humphrey Bogart, Ingrid Bergman",O proprietário cético de uma boate protege um antigo amor e seu marido dos nazistas no Marrocos.,https://www.primevideo.com/detail/amzn1.dv.gti.34b864cf-851b-91ec-afaa-4c62938892e0
Intocáveis,2011,1h 52m,14,"8,5",901 mil,Direção Olivier NakacheÉric Toledano,"Olivier Nakache, Éric Toledano, François Cluzet","Depois de ficar tetraplégico num acidente, um aristocrata contrata um jovem de um bairro pobre para cuidar dele.",Sem link Prime
Tempos Modernos,1936,1h 27m,Livre,"8,5",253 mil,Direção Charles Chaplin,"Charles Chaplin, Charles Chaplin, Paulette Goddard",Um vagabundo luta para viver na sociedade industrial moderna com a ajuda de uma jovem.,Sem link Prime
Cinema Paradiso,1988,2h 35m,10,"8,5",275 mil,Direção Giuseppe Tornatore,"Giuseppe Tornatore, Philippe Noiret, Enzo Cannavale","Um diretor de cinema lembra como, em sua infância, ele se apaixonou pelo cinema de sua cidade e iniciou uma profunda amizade com o projecionista.",https://www.primevideo.com/detail/amzn1.dv.gti.4ea5a19d-52a4-48ae-a95b-1e435839f52d
Era uma Vez no Oeste,1968,2h 45m,14,"8,5",342 mil,Direção Sergio Leone,"Sergio Leone, Henry Fonda, Charles Bronson",Um misterioso estranhoe se junta com um bandido para proteger a uma viúva.,https://www.primevideo.com/detail/amzn1.dv.gti.b0b6c56f-c2ee-eb8f-5c5a-06bd98ae3596
Janela Indiscreta,1954,1h 52m,12,"8,5",510 mil,Direção Alfred Hitchcock,"Alfred Hitchcock, James Stewart, Grace Kelly",Um fotógrafo em uma cadeira de rodas espiona seus vizinhos pela janela de seu apartamento e está convencido de que um deles cometeu um assassinato.,https://www.primevideo.com/detail/amzn1.dv.gti.54abfbe6-a8b8-a994-1436-7f34d3bf3ff2
Alien - O 8º Passageiro,1979,1h 57m,14,"8,5",922 mil,Direção Ridley Scott,"Ridley Scott, Sigourney Weaver, Tom Skerritt","Depois que um navio mercante do espaço percebe uma transmissão desconhecida como uma chamada de socorro, encontra um dos tripulantes atacado por um misterioso modo de vida, e logo percebem que seu ciclo de vida simplesmente começou.",Sem link Prime
Luzes da Cidade,1931,1h 27m,Livre,"8,5",192 mil,Direção Charles Chaplin,"Charles Chaplin, Charles Chaplin, Virginia Cherrill","Com a ajuda de um homem rico, bêbado e imprevisível, um vagabundo ingênuo que se apaixonou por uma florista cega tenta conseguir dinheiro para fornecer ajuda médica.",Sem link Prime
Apocalypse Now,1979,2h 27m,16,"8,4",694 mil,Direção Francis Ford Coppola,"Francis Ford Coppola, Martin Sheen, Marlon Brando",Um oficial do exército dos Estados Unidos no Vietnã é encarregado de assassinar a um coronel que acredita ser um deus.,https://www.primevideo.com/detail/amzn1.dv.gti.5ab8b3dc-abb8-1012-e81e-1c749b285d4d
Amnésia,2000,1h 53m,16,"8,4","1,3 mi",Direção Christopher Nolan,"Christopher Nolan, Guy Pearce, Carrie-Anne Moss",Um homem com perda da memória de curto prazo tenta investigar o homicídio da sua esposa.,https://www.primevideo.com/detail/amzn1.dv.gti.c4b2488d-91aa-9226-22f1-a7598f147579
Django Livre,2012,2h 45m,16,"8,5","1,6 mi",Direção Quentin Tarantino,"Quentin Tarantino, Jamie Foxx, Christoph Waltz","Com a ajuda de um caçador de recompensas alemão, um escravo libertado sai para resgatar sua esposa de um brutal dono de uma plantação no Mississipi.",https://www.primevideo.com/detail/amzn1.dv.gti.8acd5ce6-8147-4ba2-ab97-de3dc802f0d1
Os Caçadores da Arca Perdida,1981,1h 55m,Livre,"8,4",1 mi,Direção Steven Spielberg,"Steven Spielberg, Harrison Ford, Karen Allen","Em 1936 o archeologista e aventurero Indiana Jones é contratado pelo governo dos Estados Unidos para procurar pelo Pacto da Arca, antes que os nazis o tenham primeiro.",https://www.primevideo.com/detail/amzn1.dv.gti.c4ac5db8-3527-5bb9-cfd7-1b66fd896530
WALL·E,2008,1h 38m,Livre,"8,4","1,2 mi",Direção Andrew Stanton,"Andrew Stanton, Ben Burtt, Elissa Knight","Num futuro distante, um pequeno robô faz uma viagem que decidirá o destino da humanidade.",Sem link Prime
A Vida dos Outros,2006,2h 17m,12,"8,4",402 mil,Direção Florian Henckel von Donnersmarck,"Florian Henckel von Donnersmarck, Ulrich Mühe, Martina Gedeck","Em 1984, em Berlim Oriental, um agente da polícia secreta que cuida de um escritor e sua mulher se vê cada vez mais absorvido em suas vidas.",Sem link Prime
Crepúsculo dos Deuses,1950,1h 50m,Livre,"8,4",231 mil,Direção Billy Wilder,"Billy Wilder, William Holden, Gloria Swanson",Um roteirista estabelece uma relação com uma fracasada estrela de cinema que quer voltar aos filmes.,https://www.primevideo.com/detail/amzn1.dv.gti.44b61f87-6775-edb6-57e6-76d89f699e10
Glória Feita de Sangue,1957,1h 28m,14,"8,4",207 mil,Direção Stanley Kubrick,"Stanley Kubrick, Kirk Douglas, Ralph Meeker","Depois de se recusar a atacar uma posição inimiga, um general acusa os soldados da covardia e seu comandante deve defendê-los.",https://www.primevideo.com/detail/amzn1.dv.gti.a80c1692-54ff-40ed-894d-911dab063559
Vingadores: Guerra Infinita,2018,2h 29m,12,"8,4","1,2 mi",Direção Anthony RussoJoe Russo,"Anthony Russo, Joe Russo, Robert Downey Jr.",Os Vingadores e seus aliados deverão sacrificar tudo em uma tentativa de derrotar o poderoso Thanos antes que sua explosão de devastação ponha fim ao universo.,Sem link Prime
O Iluminado,1980,2h 26m,16,"8,4","1,1 mi",Direção Stanley Kubrick,"Stanley Kubrick, Jack Nicholson, Shelley Duvall","Uma família se dirige a um hotel isolado para o inverno, onde uma presença sinistra influencia a violência do pai, enquanto seu filho psíquico vê presságios horríveis do passado e do futuro.",https://www.primevideo.com/detail/amzn1.dv.gti.2cb528b4-496c-8842-4252-678b1989080d
O Grande Ditador,1940,2h 5m,Livre,"8,4",233 mil,Direção Charles Chaplin,"Charles Chaplin, Charles Chaplin, Paulette Goddard",O ditador Hynkel tenta expandir seu império enquanto um pobre barbeiro judeu tenta evitar a perseguição do regime de Hynkel.,Sem link Prime
Testemunha de Acusação,1957,1h 56m,12,"8,4",133 mil,Direção Billy Wilder,"Billy Wilder, Tyrone Power, Marlene Dietrich",Um veterano advogado britânico deve defender seu cliente em um julgamento de assassinato que tem surpresa após surpresa.,https://www.primevideo.com/detail/amzn1.dv.gti.6cb56443-29dc-d40b-38e8-95580076159f
Homem-Aranha: No Aranhaverso,2018,1h 57m,10,"8,4",634 mil,Direção Bob PersichettiPeter RamseyRodney Rothman,"Bob Persichetti, Peter Ramsey, Rodney Rothman","Um jovem se torna o Homem Aranha de sua realidade, cruzando seu caminho com cinco colegas de outras dimensões para impedir uma ameaça a todas as realidades.",https://www.primevideo.com/detail/amzn1.dv.gti.1cb792e1-91a3-3326-9ce0-1b8ec73d6d5d
"Aliens, O Resgate",1986,2h 17m,14,"8,4",745 mil,Direção James Cameron,"James Cameron, Sigourney Weaver, Michael Biehn",Ellen Ripley é salvada depois de estar dormida por 57 anos. A luna que o Nostromo visitou foi colonizada mas o contado se perdeu.,Sem link Prime
Bastardos Inglórios,2009,2h 33m,18,"8,4","1,5 mi",Direção Quentin Tarantino,"Quentin Tarantino, Brad Pitt, Diane Kruger","Na França ocupada pelos nazistas durante a Segunda Guerra Mundial, um plano para assassinar líderes nazistas por parte de um grupo de soldados judeus dos EUA coincide com os planos de vingança da dona de uma sala de cinema.",https://www.primevideo.com/detail/amzn1.dv.gti.6cb8bacd-9be1-6011-ed4e-09c94cc25494
Batman: O Cavaleiro das Trevas Ressurge,2012,2h 44m,12,"8,4","1,8 mi",Direção Christopher Nolan,"Christopher Nolan, Christian Bale, Tom Hardy","Oito anos depois da anarquia do Coringa, Batman com ajuda da Mulher Gato, tentam salvar Gotham do terrorista Bane.",https://www.primevideo.com/detail/amzn1.dv.gti.4c4988ba-8c36-4b11-a44b-6ea809fc9f6a
Beleza Americana,1999,2h 2m,14,"8,3","1,2 mi",Direção Sam Mendes,"Sam Mendes, Kevin Spacey, Annette Bening",Um pai sexualmente frustrado tem uma crise existencial depois de conhecer a melhor amiga da sua filha.,Sem link Prime
Dr Fantástico,1964,1h 35m,10,"8,4",508 mil,Direção Stanley Kubrick,"Stanley Kubrick, Peter Sellers, George C. Scott",Um general alienado provoca um potencial holocausto nuclear que uma sala de guerra cheia de políticos e generais tenta freneticamente parar.,https://www.primevideo.com/detail/amzn1.dv.gti.58b4b9bc-2b5f-6bf3-9131-1e65b180bb95
Oldboy,2003,2h,16,"8,4",613 mil,Direção Park Chan-wook,"Park Chan-wook, Choi Min-sik, Yoo Ji-tae","Depois de ter sido raptado e preso por quinze anos, Oh Dae-Su é libertado, e descobre que tem 5 dias para encontrar seu sequestrador.",https://www.imdb.com/showtimes/title/tt0364569/2023-10-14
Viva: A Vida é uma Festa,2017,1h 45m,Livre,"8,4",558 mil,Direção Lee UnkrichAdrian Molina,"Lee Unkrich, Adrian Molina, Anthony Gonzalez",Miguel entra na terra dos mortos para encontrar a seu bisavó quem era um lendário cantante.,Sem link Prime
Amadeus,1984,2h 40m,Livre,"8,4",418 mil,Direção Milos Forman,"Milos Forman, F. Murray Abraham, Tom Hulce","A vida, sucessos e tribulações de Wolfgang Amadeus Mozart de acordo com Antonio Salieri, um compositor que era contemporâneo, que sempre teve ciúmes dele e que alegou tê-lo matado.",Sem link Prime
Toy Story,1995,1h 21m,Livre,"8,3",1 mi,Direção John Lasseter,"John Lasseter, Tom Hanks, Tim Allen",Um brinquedo do cauboi se sente profundamente ameaçado e celoso quando um brinquedo patrulheiro espacial passa a ter mais atençao do garoto.,Sem link Prime
O Barco: Inferno no Mar,1981,2h 29m,14,"8,4",259 mil,Direção Wolfgang Petersen,"Wolfgang Petersen, Jürgen Prochnow, Herbert Grönemeyer","O mundo claustrofóbico de um submarino da Segunda Guerra Mundial, cheio de tédio, sujeira e terror.",https://www.primevideo.com/detail/amzn1.dv.gti.7cb52e23-0906-c06b-d087-5bb7a8e2fd8b
Coração Valente,1995,2h 58m,16,"8,3","1,1 mi",Direção Mel Gibson,"Mel Gibson, Mel Gibson, Sophie Marceau","Quando sua noiva en segredo é assassinada, William Wallace comença uma revolta contra o rey Eduardo I da Inglaterra.",Sem link Prime
Vingadores: Ultimato,2019,3h 1m,12,"8,4","1,2 mi",Direção Anthony RussoJoe Russo,"Anthony Russo, Joe Russo, Robert Downey Jr.","Após os eventos devastadores de Vingadores: Guerra Infinita , o universo está em ruínas, e com a ajuda de aliados os Vingadores se reúnem para desfazer as ações de Thanos e restaurar a ordem.",Sem link Prime
Coringa,2019,2h 2m,16,"8,4","1,4 mi",Direção Todd Phillips,"Todd Phillips, Joaquin Phoenix, Robert De Niro",Um comediante falido enlouquece e se torna um assassino psicopata.,https://www.primevideo.com/detail/amzn1.dv.gti.18b9b187-a9bf-4617-b554-b43cf4e0a5f5
Princesa Mononoke,1997,2h 14m,12,"8,3",417 mil,Direção Hayao Miyazaki,"Hayao Miyazaki, Yôji Matsuda, Yuriko Ishida","Numa viagem para descobrir a cura contra a maldição de Tatarigami, Ashitaka, se encontra uma guerra entre os deuses da foresta e Tatara, uma colônia mineira.",Sem link Prime
Gênio Indomável,1997,2h 6m,14,"8,3",1 mi,Direção Gus Van Sant,"Gus Van Sant, Robin Williams, Matt Damon","Will Hunting, um zelador duma Universidade, tem habilidades para a matemática, mas precisa da ajuda dum psicólogo para encontrar seu propósito.",Sem link Prime
Era uma Vez na América,1984,3h 49m,18,"8,3",368 mil,Direção Sergio Leone,"Sergio Leone, Robert De Niro, James Woods",Um ex criminal judeu da época da proibição volta a Manhattan onde deberá confrontar seu pasado.,https://www.primevideo.com/detail/amzn1.dv.gti.8aaf899a-47c5-e749-2d27-9d64404a0922
Your Name,2016,1h 46m,Livre,"8,4",301 mil,Direção Makoto Shinkai,"Makoto Shinkai, Ryunosuke Kamiki, Mone Kamishiraishi","Dois estranhos estão ligados de uma maneira bizarra, mais quando uma conexão é formada, a distância será a única coisa que os manterá separados?",https://www.primevideo.com/detail/amzn1.dv.gti.5c1be147-de3f-4d24-a618-75a9e6953467
3 Idiotas,2009,2h 50m,12,"8,4",420 mil,Direção Rajkumar Hirani,"Rajkumar Hirani, Aamir Khan, Madhavan","Dois amigos procuram seu companheiro perdido. Eles se lembram de seus dias de faculdade e como seu amigo os inspirou a pensar de maneira diferente, mesmo quando o resto do mundo os chamava idiotas.",Sem link Prime
Céu E Inferno,1963,2h 23m,Not Rated,"8,4",50 mil,Direção Akira Kurosawa,"Akira Kurosawa, Toshirô Mifune, Yutaka Sada",Um executivo de uma empresa de calçados torna-se vítima de extorsão quando o filho de seu motorista é sequestrado e retido para resgate.,Sem link Prime
Cantando na Chuva,1952,1h 43m,Livre,"8,3",254 mil,Direção Stanley DonenGene Kelly,"Stanley Donen, Gene Kelly, Gene Kelly",Uma produtora de cinema e elenco fazem uma transição difíci.,https://www.primevideo.com/detail/amzn1.dv.gti.4cb551dd-6e27-eb74-62bf-3098be39a0d3
Cafarnaum,2018,2h 6m,16,"8,4",100 mil,Direção Nadine Labaki,"Nadine Labaki, Zain Al Rafeea, Yordanos Shiferaw","Ao cumprir uma sentença de cinco anos por um crime violento, uma criança de 12 anos processou seus pais por negligência.",https://www.primevideo.com/detail/amzn1.dv.gti.2aba6dce-54c9-2fee-add0-a1e2ec96bcf9
Réquiem para um Sonho,2000,1h 42m,18,"8,3",877 mil,Direção Darren Aronofsky,"Darren Aronofsky, Ellen Burstyn, Jared Leto",As utopias causadas pelo uso de drogas em quatro pessoas de Coney Island se rompem quando seus vícios as dominam.,https://www.primevideo.com/detail/amzn1.dv.gti.52b601e2-1907-b62c-3c01-9cc1b018ae2b
Toy Story 3,2010,1h 43m,Livre,"8,3",872 mil,Direção Lee Unkrich,"Lee Unkrich, Tom Hanks, Tim Allen","Os brinquedos são dados por erro a uma creche, Woody junto com os outros brinquedos tentaram voltar a casa do Andy.",Sem link Prime
Vá e Veja,1985,2h 22m,18,"8,4",91 mil,Direção Elem Klimov,"Elem Klimov, Aleksey Kravchenko, Olga Mironova","Depois de encontrar uma arma, um jovem se une as forças da resistença russa contra os alemães na segunda guerra mundial.",Sem link Prime
"Star Wars, Episódio VI: O Retorno do Jedi",1983,2h 11m,Livre,"8,3","1,1 mi",Direção Richard Marquand,"Richard Marquand, Mark Hamill, Harrison Ford","Depois de uma missão ousada para resgatar Han Solo da cabana de Jabba, os rebeldes partem para fazer Endor destruir a mais poderosa Estrela da Morte. Enquanto isso, Luke tenta trazer Darth Vader de volta do lado negro, sem cair na armadilha do Imperador.",Sem link Prime
Brilho Eterno de uma Mente sem Lembranças,2004,1h 48m,14,"8,3",1 mi,Direção Michel Gondry,"Michel Gondry, Jim Carrey, Kate Winslet","Quando sua relaçao se volta complicada, um casal tenta um procedimento médico para que suas memorias sejam apagadas.",https://www.primevideo.com/detail/amzn1.dv.gti.26bb4b1c-da6c-58d1-5389-d51db774ba2b
2001: Uma Odisséia no Espaço,1968,2h 29m,Livre,"8,3",700 mil,Direção Stanley Kubrick,"Stanley Kubrick, Keir Dullea, Gary Lockwood","Trás descobrir um misterioso artefato na superfície da Lua, a humanidade tenta encontrar seus origens com a ajuda da inteligença do ordernador HAL 9000.",https://www.primevideo.com/detail/amzn1.dv.gti.5319ae23-9e68-462c-bfba-2dfe800fabf6
A Caça,2012,1h 55m,14,"8,3",351 mil,Direção Thomas Vinterberg,"Thomas Vinterberg, Mads Mikkelsen, Thomas Bo Larsen","Um professor vive uma vida solitária enquanto luta pela custódia de seu filho. Sua vida melhora lentamente quando ele encontra o amor e recebe boas notícias de seu filho, mas sua sorte está prestes a mudar por uma pequena mentira inocente.",https://www.primevideo.com/detail/amzn1.dv.gti.c8b79a3e-180f-a3f1-bb07-5393205c41d3
Cães de Aluguel,1992,1h 39m,18,"8,3","1,1 mi",Direção Quentin Tarantino,"Quentin Tarantino, Harvey Keitel, Tim Roth","Quando um simples roubo de jóias dá errado, os criminosos sobreviventes começam a suspeitar que um deles é um informante da polícia.",https://www.primevideo.com/detail/amzn1.dv.gti.54b4e071-ecbe-f55d-1872-c48498dd15de
Viver,1952,2h 23m,Not Rated,"8,3",84 mil,Direção Akira Kurosawa,"Akira Kurosawa, Takashi Shimura, Nobuo Kaneko","Depois de descobrir que tem câncer terminal, um burocrata tenta encontrar um sentido para sua vida.",Sem link Prime
Lawrence da Arábia,1962,3h 38m,14,"8,3",306 mil,Direção David Lean,"David Lean, Peter O'Toole, Alec Guinness","A história de T. E. Lawrence, o oficial inglês que conseguiu unir e liderar várias tribos árabes, durante a Primeira Guerra Mundial para lutar contra os turcos.",https://www.primevideo.com/detail/amzn1.dv.gti.e8b53a55-f91c-15a4-4f05-49e2c0e8a5dc
Cidadão Kane,1941,1h 59m,Livre,"8,3",457 mil,Direção Orson Welles,"Orson Welles, Orson Welles, Joseph Cotten","Após a morte de um magnata na indústria editorial, jornalistas correm para descobrir o significado da última palavra que ele pronunciou.",https://www.primevideo.com/detail/amzn1.dv.gti.14b8208d-9f6f-37b6-1ec5-2aa4c58a6ac0
"M, o Vampiro de Dusseldorf",1931,1h 57m,12,"8,3",165 mil,Direção Fritz Lang,"Fritz Lang, Peter Lorre, Ellen Widmann","Quando a polícia de uma cidade alemã não consegue encontrar um assassino de crianças, outros criminosos decidem ajudar na caçada humana.",Sem link Prime
Se Meu Apartamento Falasse,1960,2h 5m,Livre,"8,3",191 mil,Direção Billy Wilder,"Billy Wilder, Jack Lemmon, Shirley MacLaine","Um homem tenta subir na empresa permitindo que seus executivos usem seu apartamento para encontros, mas surgem complicações e um romance próprio.",https://www.primevideo.com/detail/amzn1.dv.gti.f0b63481-8242-c614-3962-a8d14c8d6108
Intriga Internacional,1959,2h 16m,14,"8,3",339 mil,Direção Alfred Hitchcock,"Alfred Hitchcock, Cary Grant, Eva Marie Saint",Um executivo de publicidade de Nova Iorque tem que fugir quando é confundido por um agente de governo.,https://www.primevideo.com/detail/amzn1.dv.gti.9d211e71-576d-41a7-99ca-5af841166f26
Um Corpo que Cai,1958,2h 8m,14,"8,3",418 mil,Direção Alfred Hitchcock,"Alfred Hitchcock, James Stewart, Kim Novak",Um ex-policial luta contra seus demônios enquanto está obcecado por uma mulher bonita.,Sem link Prime
Pacto de Sangue,1944,1h 47m,14,"8,3",164 mil,Direção Billy Wilder,"Billy Wilder, Fred MacMurray, Barbara Stanwyck","Um agente de seguros se deixa convencer de um esquema de assassinato e fraude, o que desperta a suspeita de um investigador.",Sem link Prime
O Fabuloso Destino de Amélie Poulain,2001,2h 2m,14,"8,3",780 mil,Direção Jean-Pierre Jeunet,"Jean-Pierre Jeunet, Audrey Tautou, Mathieu Kassovitz","Amélie é uma parisiense ingênua com seu próprio senso de justiça. Ela decide ajudar as pessoas ao seu redor e, no caminho, descobre o amor.",https://www.primevideo.com/detail/amzn1.dv.gti.3cbc2394-367f-baf7-c966-f5087f01bc0e
Scarface,1983,2h 50m,18,"8,3",888 mil,Direção Brian De Palma,"Brian De Palma, Al Pacino, Michelle Pfeiffer","Em Miamo em 1980, um imigrante cubano toma o control dum cartel de drogas.",https://www.primevideo.com/detail/amzn1.dv.gti.73f61125-d1ca-4887-8a94-addf0fd18074
Nascido para Matar,1987,1h 56m,16,"8,3",772 mil,Direção Stanley Kubrick,"Stanley Kubrick, Matthew Modine, R. Lee Ermey",Um marinho dos Estados Unidos nota os deshumanizantes efeitos da guerra do Vietnã em seus colegas.,https://www.primevideo.com/detail/amzn1.dv.gti.34b54975-57a0-756c-df2b-abff76d7794f
Laranja Mecânica,1971,2h 16m,(Banned),"8,3",862 mil,Direção Stanley Kubrick,"Stanley Kubrick, Malcolm McDowell, Patrick Magee","No futuro, um jovem líder de gang é levado para prisão e decide ser voluntário em um experimento, mas os resultados não são os esperados.",https://www.primevideo.com/detail/amzn1.dv.gti.54b4e51d-76b7-1073-7c7d-67257e6c09b4
Incêndios,2010,2h 11m,14,"8,3",190 mil,Direção Denis Villeneuve,"Denis Villeneuve, Lubna Azabal, Mélissa Désormeaux-Poulin",Os gêmeos viajam para o Oriente Médio para descobrir sua história familiar e cumprir os últimos desejos de sua mãe.,Sem link Prime
Fogo Contra Fogo,1995,2h 50m,14,"8,3",696 mil,Direção Michael Mann,"Michael Mann, Al Pacino, Robert De Niro",Um grupo de profissionais roubando bancos sospeitam que a polícia está tráis deles quando deixam uma pista no seu último roubo.,https://www.primevideo.com/detail/amzn1.dv.gti.36b91428-fc15-5c83-9c35-8eed12920eb2
Up: Altas Aventuras,2009,1h 36m,Livre,"8,3","1,1 mi",Direção Pete DocterBob Peterson,"Pete Docter, Bob Peterson, Edward Asner","Carl Fredricksen, de 78 anos, viaja a Paraside Falls com sua casa e inadvertidamente leva um menino com ele.",Sem link Prime
Hamilton,2020,2h 40m,12,"8,3",107 mil,Direção Thomas Kail,"Thomas Kail, Lin-Manuel Miranda, Phillipa Soo","A vida de um dos maiores fundadores e primeiro secretário do Tesouro da América, Alexander Hamilton.",Sem link Prime
O Sol é para Todos,1962,2h 9m,12,"8,3",327 mil,Direção Robert Mulligan,"Robert Mulligan, Gregory Peck, John Megna","Atticus Finch, um advogado no sul da era da Depressão, defende um homem negro contra uma acusação de estupro imerecida, e seus filhos contra o preconceito.",https://www.primevideo.com/detail/amzn1.dv.gti.520b9d3c-60d1-4b97-bb03-e8c9608dc90d
Golpe de Mestre,1973,2h 9m,18,"8,3",273 mil,Direção George Roy Hill,"George Roy Hill, Paul Newman, Robert Redford",Dois golpistas se reúnem para obter o melhor golpe.,https://www.primevideo.com/detail/amzn1.dv.gti.d6b528b4-1470-114e-5181-b73afabdcba2
A Separação,2011,2h 3m,12,"8,3",253 mil,Direção Asghar Farhadi,"Asghar Farhadi, Payman Maadi, Leila Hatami","Um casal é confrontado com uma decisão difícil, melhorar a vida de seu filho mudando-se para outro país ou ficar no Irã e cuidar de um pai que se deteriora e com Alzheimer.",Sem link Prime
Indiana Jones e a Última Cruzada,1989,2h 7m,Livre,"8,2",794 mil,Direção Steven Spielberg,"Steven Spielberg, Harrison Ford, Sean Connery","Em 1938, depois que seu pai, o professor Henry Jones, desaparece enquanto persegue o Santo Graal, o professor Henry ""Indiana"" Jones, Jr. se encontra contra os nazistas de Adolf Hitler.",https://www.primevideo.com/detail/amzn1.dv.gti.1aac5c4b-b9f8-0b67-9d48-86504202cc4e
Metrópolis,1927,2h 33m,Livre,"8,3",181 mil,Direção Fritz Lang,"Fritz Lang, Brigitte Helm, Alfred Abel","Numa cidade futurística dividida entre os trabalhadores e os planejadores, o filho do maior planejador se apaixona por uma trabalhadora.",Sem link Prime
Duro de Matar,1988,2h 12m,14,"8,2",915 mil,Direção John McTiernan,"John McTiernan, Bruce Willis, Alan Rickman","John McClane, agente do departamento de polícia de Nova York, tenta salvar sua esposa, Holly Gennaro, e outras pessoas que o terrorista alemão Hans Gruber tomou como reféns durante a festa de Natal no Nakatomi Plaza, em Los Angeles.",Sem link Prime
Como Estrelas na Terra,2007,2h 45m,Livre,"8,3",202 mil,Direção Aamir KhanAmole Gupte,"Aamir Khan, Amole Gupte, Darsheel Safary","Um garoto de oito anos é acusado de ser problemático e preguiçoso, até que o novo professor de arte tem a paciência e compaixão para descobrir o verdadeiro problema por trás de suas lutas na escola.",Sem link Prime
Snatch: Porcos e Diamantes,2000,1h 44m,16,"8,2",889 mil,Direção Guy Ritchie,"Guy Ritchie, Jason Statham, Brad Pitt",Segue a luta de criminais tráis um diamante como nenhum outro nu mundo.,https://www.primevideo.com/detail/amzn1.dv.gti.2c89f4c1-42a3-4aad-9e99-527924ba466d
Ladrões de Bicicletas,1948,1h 29m,10,"8,3",171 mil,Direção Vittorio De Sica,"Vittorio De Sica, Lamberto Maggiorani, Enzo Staiola",Na Itália da pós-guerra a bicicleta de um homem da classe trabalhadora é roubada. Ele e o filho partiram para encontrá-la.,https://www.primevideo.com/detail/amzn1.dv.gti.d53107ad-1c90-44c3-b62e-fe65d5fa34e7
Los Angeles: Cidade Proibida,1997,2h 18m,18,"8,2",603 mil,Direção Curtis Hanson,"Curtis Hanson, Kevin Spacey, Russell Crowe",A corrupção cresce em Los Angeles nos anos 50. Três policiais estão investigando uma série de assassinatos com sua própria marca de justiça.,https://www.primevideo.com/detail/amzn1.dv.gti.2cf641f1-10f9-4141-a7e5-31e08d1e9873
Taxi Driver: Motorista de Táxi,1976,1h 54m,14,"8,2",889 mil,Direção Martin Scorsese,"Martin Scorsese, Robert De Niro, Jodie Foster","Um veterano de guerra mentalmente instável trabalha à noite como taxista na cidade de Nova Iorque, onde a decadência e o desprezo alimentam seu desejo de ação violenta.",https://www.primevideo.com/detail/amzn1.dv.gti.083adbf0-299a-4597-8ad5-005868e4573d
1917,2019,1h 59m,14,"8,2",645 mil,Direção Sam Mendes,"Sam Mendes, Dean-Charles Chapman, George MacKay",Trama desconhecida. O filme será de 1917 durante a primeira guerra mundial.,https://www.primevideo.com/detail/amzn1.dv.gti.70b8bace-bc58-4127-0b58-686c1b131d93
A Queda! As Últimas Horas de Hitler,2004,2h 36m,16,"8,2",368 mil,Direção Oliver Hirschbiegel,"Oliver Hirschbiegel, Bruno Ganz, Alexandra Maria Lara",O último secretário de Hitler relata seus últimos dias em seu bunker de Berlim no final da Segunda Guerra Mundial.,Sem link Prime
Dangal,2016,2h 41m,10,"8,3",203 mil,Direção Nitesh Tiwari,"Nitesh Tiwari, Aamir Khan, Sakshi Tanwar",O lutador Mahavir e suas filhas lutadoras procuram a gloria contra a opressão social nos jogos do Commonwealth.,Sem link Prime
Por uns Dólares a Mais,1965,2h 12m,12,"8,2",268 mil,Direção Sergio Leone,"Sergio Leone, Clint Eastwood, Lee Van Cleef",Dois caçadores de recompensas com as mesmas intenções se reúnem para encontrar um criminoso ocidental.,https://www.primevideo.com/detail/amzn1.dv.gti.d2b49211-7398-3e27-bda3-00fddf3773a2
Top Gun: Maverick,2022,2h 10m,12,"8,3",635 mil,Direção Joseph Kosinski,"Joseph Kosinski, Tom Cruise, Jennifer Connelly","Após mais de trinta anos de serviço como um dos melhores aviadores da Marinha, Pete Mitchell está onde pertence, ultrapassando os limites como um piloto de teste intrépido e evitando a promoção de posto que o manteria em terra.",https://www.primevideo.com/detail/amzn1.dv.gti.e6867686-3989-4e51-ad7b-19ff5edea2f4
Batman Begins,2005,2h 20m,10,"8,2","1,5 mi",Direção Christopher Nolan,"Christopher Nolan, Christian Bale, Michael Caine","Depois do treinamento, Batman comença a luta contra o crime e corrupçao en Gotham.",https://www.primevideo.com/detail/amzn1.dv.gti.aab1c577-c7ae-ce08-d710-b40da23204f3
Quanto Mais Quente Melhor,1959,2h 1m,Livre,"8,2",278 mil,Direção Billy Wilder,"Billy Wilder, Marilyn Monroe, Tony Curtis","Dos músicos son testigos de un crimen y se dan a la fuga disfrazados de mujeres en una banda femenina, pero las cosas se complican.",https://www.primevideo.com/detail/amzn1.dv.gti.00b6065c-a27a-9721-f4ca-3ecd886774a2
O Garoto,1921,1h 8m,Livre,"8,2",132 mil,Direção Charles Chaplin,"Charles Chaplin, Charles Chaplin, Edna Purviance","Um mendigo cuida de uma criança abandonada, mas os eventos ameaçam esse relacionamento.",Sem link Prime
O Lobo de Wall Street,2013,3h,18,"8,2","1,5 mi",Direção Martin Scorsese,"Martin Scorsese, Leonardo DiCaprio, Jonah Hill","Baseada na verdadeira história de Jordan Belfort, desde sua ascensão como corretor de valores até a sua queda e envolvimento no crime e corrupção com o governo.",https://www.primevideo.com/detail/amzn1.dv.gti.f8b322de-4a2f-fc01-4268-dda7e766ef3a
Meu Pai,2020,1h 37m,12,"8,2",179 mil,Direção Florian Zeller,"Florian Zeller, Anthony Hopkins, Olivia Colman","Um homem recusa toda a ajuda de sua filha à medida que envelhece. Ao tentar entender as mudanças nas circunstâncias, ele começa a duvidar dos seus entes queridos, da sua própria mente e até mesmo da estrutura de sua realidade.",https://www.primevideo.com/detail/amzn1.dv.gti.14e497f6-ae0f-4efc-9deb-9ec484393dc0
Green Book: O Guia,2018,2h 10m,12,"8,2",538 mil,Direção Peter Farrelly,"Peter Farrelly, Viggo Mortensen, Mahershala Ali",Um valentão ítalo-americano se torna o motorista de um pianista afro-americano em um tour no sul dos Estados Unidos nos anos sessenta.,https://www.primevideo.com/detail/amzn1.dv.gti.ccb4f288-db87-8cdd-08f9-24c2abf85c62
A Malvada,1950,2h 18m,Livre,"8,2",136 mil,Direção Joseph L. Mankiewicz,"Joseph L. Mankiewicz, Bette Davis, Anne Baxter","Uma ingênua se insinua na vida de uma atriz de teatro, e de seu círculo de amigas de teatro.",Sem link Prime
Julgamento em Nuremberg,1961,2h 59m,Approved,"8,3",82 mil,Direção Stanley Kramer,"Stanley Kramer, Spencer Tracy, Burt Lancaster","Em 1948, um tribunal dos Estados Unidos na Alemanha ocupada julga quatro nazistas por crimes de guerra.",Sem link Prime
O Show de Truman: O Show da Vida,1998,1h 43m,12,"8,2","1,2 mi",Direção Peter Weir,"Peter Weir, Jim Carrey, Ed Harris",Um vendedor de seguros descobre que sua vida é um programa de televisão.,https://www.primevideo.com/detail/amzn1.dv.gti.3eabfc03-587b-3e3e-7482-63469ae0e3dd
Sangue Negro,2007,2h 38m,14,"8,2",621 mil,Direção Paul Thomas Anderson,"Paul Thomas Anderson, Daniel Day-Lewis, Paul Dano","Uma história sobre familia, religião, ódio e loucura, centrada na vida de um explorador de petróleo nos primeiros anos do negócio.",https://www.primevideo.com/detail/amzn1.dv.gti.4cac5f2a-4f0a-aa22-c6b8-8b418f15dd1f
Cassino,1995,2h 58m,18,"8,2",547 mil,Direção Martin Scorsese,"Martin Scorsese, Robert De Niro, Sharon Stone","Uma história de ganância, dinheiro e assassinato acontece entre dois melhores amigos: um mafioso e um executivo de cassino, que competem uns com os outros por um império de jogo e pelo amor de uma socialite.",https://www.primevideo.com/detail/amzn1.dv.gti.aab528b4-40bd-81a0-25df-8e36bfdd940e
Ran,1985,2h 40m,16,"8,2",132 mil,Direção Akira Kurosawa,"Akira Kurosawa, Tatsuya Nakadai, Akira Terao","No Japão medieval, um senhor feudal decide abdicar e entregar seus domínios aos seus três filhos. Mas ele não é capaz de ver que esses novos poderes irão corrompê-los e levá-los a enfrentar um ao outro, e contra ele.",Sem link Prime
Ilha do Medo,2010,2h 18m,16,"8,2","1,4 mi",Direção Martin Scorsese,"Martin Scorsese, Leonardo DiCaprio, Emily Mortimer","Em 1945, um policial federal dos Estados Unidos investiga o desaparecimento de um assassino que escapou de um hospital psiquiátrico.",https://www.primevideo.com/detail/amzn1.dv.gti.eda97746-50fd-4989-9219-f07306d68ef3
O Labirinto do Fauno,2006,1h 58m,16,"8,2",690 mil,Direção Guillermo del Toro,"Guillermo del Toro, Ivana Baquero, Ariadna Gil","Na Espanha de 1944, a filha dum oficial do exército escapa a um mundo de fantasia.",Sem link Prime
O Sexto Sentido,1999,1h 47m,12,"8,2",1 mi,Direção M. Night Shyamalan,"M. Night Shyamalan, Bruce Willis, Haley Joel Osment",Um menino que consegue se comunicar com espíritos encontra ajuda de um psicólogo.,Sem link Prime
Os Imperdoáveis,1992,2h 10m,12,"8,2",427 mil,Direção Clint Eastwood,"Clint Eastwood, Clint Eastwood, Gene Hackman","O atirador do Velho Oeste, William Munny, relutantemente aceita um último trabalho com a ajuda de seu antigo amigo e um jovem.",https://www.primevideo.com/detail/amzn1.dv.gti.0ab52926-a484-a406-5b97-fc8706e10ce5
Jurassic Park,1993,2h 7m,Livre,"8,2",1 mi,Direção Steven Spielberg,"Steven Spielberg, Sam Neill, Laura Dern",Durante um tour o parque sofre falta de energia eléctrica o que faz que um dinossauro clonado saia do seu claustro.,https://www.primevideo.com/detail/amzn1.dv.gti.46fc7bed-b4d8-4595-a01f-6bac1d04e1de
Uma Mente Brilhante,2001,2h 15m,12,"8,2",965 mil,Direção Ron Howard,"Ron Howard, Russell Crowe, Ed Harris",A vida do brilhante mas insociável matemático John Nash muda quando ele aceita um trabalho secreto em criptografia.,https://www.primevideo.com/detail/amzn1.dv.gti.ecaf0d91-80db-3fec-ce14-ec9ac0148002
O Tesouro da Sierra Madre,1948,2h 6m,Livre,"8,2",130 mil,Direção John Huston,"John Huston, Humphrey Bogart, Walter Huston",Dois americanos em busca de trabalho no México convencem um homem a ajudá-los a extrair ouro nas montanhas da Serra Madre.,https://www.primevideo.com/detail/amzn1.dv.gti.fcba8272-1502-756f-88ae-20c095670f4b
"Yojimbo, o Guarda-Costas",1961,1h 50m,Livre,"8,2",128 mil,Direção Akira Kurosawa,"Akira Kurosawa, Toshirô Mifune, Eijirô Tôno",Um astuto ronin chega a uma cidade dividida por duas quadrilhas criminosas e decide se confrontar para libertar a cidade.,Sem link Prime
Onde os Fracos Não Têm Vez,2007,2h 2m,16,"8,2",1 mi,Direção Ethan CoenJoel Coen,"Ethan Coen, Joel Coen, Tommy Lee Jones",Violência e caos surgem quando um caçador se depara com uma negociação de drogas que deu errado e mais de dois milhões de dólares perto do Rio Grande.,https://www.primevideo.com/detail/amzn1.dv.gti.6eb9145f-9d71-a032-d158-b427b417ddf9
Kill Bill: Volume 1,2003,1h 51m,18,"8,2","1,2 mi",Direção Quentin Tarantino,"Quentin Tarantino, Uma Thurman, David Carradine","Depois de despertar de um coma de quatro anos, uma antiga assassina busca vingança contra o grupo de assassinos que a traiu.",Sem link Prime
Monty Python em Busca do Cálice Sagrado,1975,1h 31m,Livre,"8,2",560 mil,Direção Terry GilliamTerry Jones,"Terry Gilliam, Terry Jones, Graham Chapman","O Rei Arthur e seus Cavaleiros da Távola Redonda embarcam em uma busca surrealista e de baixo orçamento pelo Santo Graal, encontrando múltiplos obstáculos estúpidos.",Sem link Prime
O Enigma de Outro Mundo,1982,1h 49m,14,"8,2",449 mil,Direção John Carpenter,"John Carpenter, Kurt Russell, Wilford Brimley",Um team de investigação na Antartica é perseguido por extraterrestres.,https://www.primevideo.com/detail/amzn1.dv.gti.30abea91-57a8-2bed-2f2f-ff165193d236
Fugindo do Inferno,1963,2h 52m,12,"8,2",254 mil,Direção John Sturges,"John Sturges, Steve McQueen, James Garner",Prisioneiros de guerra aliados planejam uma fuga maciça de um campo alemão durante a Segunda Guerra Mundial.,https://www.primevideo.com/detail/amzn1.dv.gti.c4b4cf5c-e25c-6600-0be5-11ff3271486b
Rashomon,1950,1h 28m,14,"8,2",176 mil,Direção Akira Kurosawa,"Akira Kurosawa, Toshirô Mifune, Machiko Kyô","A violação de uma noiva e o assassinato de seu marido samurai são lembrados desde a perspectiva de um bandido, da noiva, do fantasma do samurai e de um lenhador.",Sem link Prime
Procurando Nemo,2003,1h 40m,Livre,"8,2","1,1 mi",Direção Andrew StantonLee Unkrich,"Andrew Stanton, Lee Unkrich, Albert Brooks","Quando seu filho é capturado, um peixe-palhaço tímido embarca em uma viagem para trazê-lo para casa.",https://www.imdb.com/showtimes/title/tt0266543/2023-10-15
O Homem Elefante,1980,2h 4m,10,"8,2",253 mil,Direção David Lynch,"David Lynch, Anthony Hopkins, John Hurt","Um famoso médico estuda a um jovem com a cara deformada, conhecido como Homem Elefante, ele se da conta que o homem é inteligente e de bom coração.",https://www.primevideo.com/detail/amzn1.dv.gti.88828fc5-d5fb-4a94-8b6c-905e71ef3e21
Chinatown,1974,2h 10m,12,"8,2",341 mil,Direção Roman Polanski,"Roman Polanski, Jack Nicholson, Faye Dunaway","Um detetive particular contratado para desmascarar um adúltero é pego em uma teia de fraude, corrupção e assassinato.",https://www.primevideo.com/detail/amzn1.dv.gti.e2b85fc0-3d64-6dbb-d97c-bacae6a53597
O Castelo Animado,2004,1h 59m,Livre,"8,2",426 mil,Direção Hayao Miyazaki,"Hayao Miyazaki, Chieko Baishô, Takuya Kimura",Uma jovem sem autoconfiança é amaldiçoada com um corpo envelhecido por uma bruxa odiosa. Sua única chance de quebrar o feitiço é um jovem feiticeiro em um castelo itinerante.,Sem link Prime
Disque M para Matar,1954,1h 45m,16,"8,2",184 mil,Direção Alfred Hitchcock,"Alfred Hitchcock, Ray Milland, Grace Kelly","Um ex-tenista decide matar a esposa para herdar o dinheiro dela e se vingar de um caso que ela havia tido. A fim de se livrar de culpas, usa um antigo colega de faculdade. Mas as coisas não vão correr como estava planeado.",https://www.primevideo.com/detail/amzn1.dv.gti.86b87d01-610e-0d61-f44c-092508bf27b2
E o Vento Levou,1939,3h 58m,Livre,"8,2",327 mil,Direção Victor FlemingGeorge CukorSam Wood,"Victor Fleming, George Cukor, Sam Wood",Uma mulher manipuladora e uma truhan embarcam em um romance turbulento durante a Guerra Civil Americana e o período da Reconstrução.,https://www.primevideo.com/detail/amzn1.dv.gti.12b528b4-437c-7d59-326a-5f6686a62cee
V de Vingança,2005,2h 12m,16,"8,2","1,2 mi",Direção James McTeigue,"James McTeigue, Hugo Weaving, Natalie Portman","Em um futuro da tirania britânica, um lutador clandestino conhecido como V trama um plano para derrubá-la com a ajuda de uma jovem mulher.",https://www.primevideo.com/detail/amzn1.dv.gti.28b51b66-88ca-4d43-38aa-52e09e858348
Touro Indomável,1980,2h 9m,16,"8,1",370 mil,Direção Martin Scorsese,"Martin Scorsese, Robert De Niro, Cathy Moriarty","A vida do boxeador Jake LaMotta, que vê como a violência e temperamento que o levam ao topo do ringue, destroem sua vida fora dele.",https://www.primevideo.com/detail/amzn1.dv.gti.d6b76548-85ab-bb43-1d39-69641bdb3711
Homem-Aranha: Sem Volta para Casa,2021,2h 28m,12,"8,2",835 mil,Direção Jon Watts,"Jon Watts, Tom Holland, Zendaya","Com a identidade do Homem-Aranha revelada, Peter pede ajuda ao Doutor Strange. Quando um feitiço corre mal, inimigos perigosos de outros mundos começam a aparecer, forçando Peter a descobrir o que realmente significa ser o Homem-Aranha.",Sem link Prime
"Jogos, Trapaças e Dois Canos Fumegantes",1998,1h 47m,18,"8,1",604 mil,Direção Guy Ritchie,"Guy Ritchie, Jason Flemyng, Dexter Fletcher","Um jogo de cartas em Londres desencadeia um confronto entre quatro amigos, plantadores de maconha, agiotas e cobradores de dívidas em uma série de eventos curiosos, tudo por algo de maria, dinheiro e duas pistolas antigas.",https://www.primevideo.com/detail/amzn1.dv.gti.1eb8d2ff-0445-033e-6255-918a019f4b04
Os Suspeitos,2013,2h 33m,16,"8,1",774 mil,Direção Denis Villeneuve,"Denis Villeneuve, Hugh Jackman, Jake Gyllenhaal","Quando a filha de Keller Dover e sua amiguinha desaparecem, ele decide investigar o caso por sua conta enquanto a polícia segue múltiplas pistas e a pressão para resolver o caso aumenta.",https://www.primevideo.com/detail/amzn1.dv.gti.ceb226c9-c931-e8c7-8040-96cf1432250f
O Segredo dos Seus Olhos,2009,2h 9m,16,"8,2",218 mil,Direção Juan José Campanella,"Juan José Campanella, Ricardo Darín, Soledad Villamil","Um assessor jurídico aposentado escreve um romance com a esperança de fechar um de seus antigos casos de homicídio, que permanece sem solução, e superar o amor não correspondido que sentia por seu chefe. Décadas depois, ambas as memórias continuam a persegui-lo.",Sem link Prime
Divertida Mente,2015,1h 35m,Livre,"8,1",757 mil,Direção Pete DocterRonnie Del Carmen,"Pete Docter, Ronnie Del Carmen, Amy Poehler",Quando o jovem Riley se muda á San Francisco deberá lidiar com suas emoções.,Sem link Prime
Três Anúncios para um Crime,2017,1h 55m,16,"8,1",538 mil,Direção Martin McDonagh,"Martin McDonagh, Frances McDormand, Woody Harrelson",Uma mãe desafia pessoalmente as autoridades locais para resolver o assassinato de sua filha.,Sem link Prime
A Ponte do Rio Kwai,1957,2h 41m,12,"8,1",229 mil,Direção David Lean,"David Lean, William Holden, Alec Guinness","Depois de resolver suas diferenças com um japonês, o comandante do campo, um coronel britânico, coopera para supervisionar a construção de uma ponte ferroviária.",https://www.primevideo.com/detail/amzn1.dv.gti.3ab528b4-ad13-144b-9b3a-c54e27bad919
Trainspotting: Sem Limites,1996,1h 33m,18,"8,1",711 mil,Direção Danny Boyle,"Danny Boyle, Ewan McGregor, Ewen Bremner","Renton, profundamente imerso no mundo das drogas em Edimburgo, tenta sair do ambiente apesar da má influência dos amigos.",Sem link Prime
Fargo: Uma Comédia de Erros,1996,1h 38m,18,"8,1",705 mil,Direção Joel CoenEthan Coen,"Joel Coen, Ethan Coen, William H. Macy",O crime de Jerry Lundegaard se desfaz devido à falta de sorte dele e de seus colegas e ao persistente trabalho polícia.,https://www.primevideo.com/detail/amzn1.dv.gti.9ab64118-800c-7078-fba6-87d356927109
Guerreiro,2011,2h 20m,12,"8,1",489 mil,Direção Gavin O'Connor,"Gavin O'Connor, Tom Hardy, Nick Nolte","O filho pequeno de um exboxer alcoólatra volta para casa, onde seu pai o treina para um torneio de artes marciais mistas.",Sem link Prime
Gran Torino,2008,1h 56m,14,"8,1",800 mil,Direção Clint Eastwood,"Clint Eastwood, Clint Eastwood, Bee Vang","Walt Kowalski, um ranzinza veterano da guerra da Coreia, tenta dar uma lição em seu vizinho quando este tentar roubar seu bem mais precioso: um Gran Torino de 1972.",https://www.primevideo.com/detail/amzn1.dv.gti.56b53d3d-35e2-7598-3bd7-9cd3bec04b95
Prenda-me se for Capaz,2002,2h 21m,12,"8,1","1,1 mi",Direção Steven Spielberg,"Steven Spielberg, Leonardo DiCaprio, Tom Hanks","Um agente do FBI persegue Frank Abagnale, que antes de seus 19 anos consegue ganhar milhões de dólares fingindo ser um piloto, um médico e um advogado.",https://www.primevideo.com/detail/amzn1.dv.gti.eaac5c32-861e-4116-f813-4620f7dd1130
Meu Amigo Totoro,1988,1h 26m,Livre,"8,1",363 mil,Direção Hayao Miyazaki,"Hayao Miyazaki, Hitoshi Takagi, Noriko Hidaka","Quando duas meninas se mudam para o campo para ficar perto de sua mãe doente, elas têm aventuras com os maravilhosos espíritos da floresta que moram nas proximidades.",Sem link Prime
Menina de Ouro,2004,2h 12m,12,"8,1",709 mil,Direção Clint Eastwood,"Clint Eastwood, Hilary Swank, Clint Eastwood",Uma mulher determinada se prepara para se tornar numa pugilista profissional.,https://www.primevideo.com/detail/amzn1.dv.gti.78bbe8f2-f12a-a266-85c5-9f6f1bdf1ac2
Klaus,2019,1h 36m,10,"8,2",172 mil,Direção Sergio PablosCarlos Martínez López,"Sergio Pablos, Carlos Martínez López, Jason Schwartzman","Um simples ato de bondade sempre provoca outro, mesmo em um lugar gelado e distante. Quando o novo carteiro de Smeerensburg faz amizade com o fabricante de brinquedos Klaus, seus presentes derreteram uma antiga inimizade.",Sem link Prime
Harry Potter e as Relíquias da Morte - Parte 2,2011,2h 10m,14,"8,1",920 mil,Direção David Yates,"David Yates, Daniel Radcliffe, Emma Watson","Harry, Ron e Hermione devem escapar a Voldemort e tentar trabalhar em conjunto para localizar e aniquilar os Horcruxes, que contêm pedaços da alma de Voldemort.",https://www.primevideo.com/detail/amzn1.dv.gti.efe48bee-02f5-4dfb-a28e-b07d4c91920e
Filhos do Paraíso,1997,1h 29m,Livre,"8,2",78 mil,Direção Majid Majidi,"Majid Majidi, Mohammad Amir Naji, Amir Farrokh Hashemian","Depois que uma criança perde o par de sapatos de sua irmã, ele embarca em uma série de aventuras para encontrá-los. Quando não consegue, ele tenta uma nova maneira de procurá-los.",Sem link Prime
Blade Runner: O Caçador de Androides,1982,1h 57m,14,"8,1",802 mil,Direção Ridley Scott,"Ridley Scott, Harrison Ford, Rutger Hauer","Um corredor deberá perseguir é acabar com quatro replicantes que roubaram uma nave no espaço, e deberá regresar á Terra e encontrar seu criador.",https://www.primevideo.com/detail/amzn1.dv.gti.92b56963-15ac-700c-a17f-2679012ba24a
12 Anos de Escravidão,2013,2h 14m,14,"8,1",727 mil,Direção Steve McQueen,"Steve McQueen, Chiwetel Ejiofor, Michael Kenneth Williams","Solomon Northup, um homem preto livre de Nova Iorque, é raptado e vendido como escravo.",Sem link Prime
Antes do Amanhecer,1995,1h 41m,12,"8,1",329 mil,Direção Richard Linklater,"Richard Linklater, Ethan Hawke, Julie Delpy",Um jovem e uma mulher se conhecem num trem em Europa é passam uma noite juntos em Viena.,https://www.primevideo.com/detail/amzn1.dv.gti.08b680ff-6b67-c013-7bc1-e5fed1f7bf87
O Grande Hotel Budapeste,2014,1h 39m,14,"8,1",861 mil,Direção Wes Anderson,"Wes Anderson, Ralph Fiennes, F. Murray Abraham","As aventuras de Gustave H, um lendário porteiro dum famoso hotel da ficcional República de Zubrowka entre a primeira y a segunda guerra mundial.",Sem link Prime
Em Busca do Ouro,1925,1h 35m,Livre,"8,1",116 mil,Direção Charles Chaplin,"Charles Chaplin, Charles Chaplin, Mack Swain",Um garimpeiro vai ao Klondike em busca de ouro e encontra muito mais que isso.,Sem link Prime
Ben-Hur,1959,3h 32m,Livre,"8,1",249 mil,Direção William Wyler,"William Wyler, Charlton Heston, Jack Hawkins","Quando um príncipe de Jerusalém é traído e enviado à escravidão por um amigo romano, ele recupera sua liberdade e retorna para se vingar.",https://www.primevideo.com/detail/amzn1.dv.gti.bcbada24-1d56-457b-3cb4-136c64d2713f
Garota Exemplar,2014,2h 29m,14,"8,1",1 mi,Direção David Fincher,"David Fincher, Ben Affleck, Rosamund Pike","Desde que o desaparecimento de sua esposa se tornou o foco de um intenso circo da mídia, um homem vê como esta se concentra nele quando suspeitam que pode não ser inocente.",https://www.primevideo.com/detail/amzn1.dv.gti.22b7dad4-fd93-5a61-6966-910835a652cd
Barry Lyndon,1975,3h 5m,Livre,"8,1",178 mil,Direção Stanley Kubrick,"Stanley Kubrick, Ryan O'Neal, Marisa Berenson",Um irlandês conquista o coração de uma viúva rica e assume a posição aristocrática de seu falecido marido na Inglaterra do século XVIII.,https://www.primevideo.com/detail/amzn1.dv.gti.deb81a8f-b09b-73c0-28f6-def945f8033c
Sindicato de Ladrões,1954,1h 48m,14,"8,1",161 mil,Direção Elia Kazan,"Elia Kazan, Marlon Brando, Karl Malden",Um ex-lutador que virou lutador enfrenta seus chefes corruptos.,https://www.primevideo.com/detail/amzn1.dv.gti.e6a2d6f9-d4c8-41e4-bcc4-a1cb0ed34d23
Até o Último Homem,2016,2h 19m,16,"8,1",570 mil,Direção Mel Gibson,"Mel Gibson, Andrew Garfield, Sam Worthington","O médico amaericano da Segunda Guerra Mundial, Desmond T. Doss, se recusa a matar pessoas e se torna o primeiro homem na história dos Estados Unidos a receber a Medalha de Honra sem atirar um tiro.",https://www.primevideo.com/detail/amzn1.dv.gti.06b72627-cef1-a054-8bec-94365a33aa3a
Em Nome do Pai,1993,2h 13m,16,"8,1",183 mil,Direção Jim Sheridan,"Jim Sheridan, Daniel Day-Lewis, Pete Postlethwaite","Em 1974, uma explosão a bomba acontece em Guilford, próximo de Londres. Gerry Conlon e amigos são acusados pelo crime e presos. Giuseppe Conlon, pai de Gerry, pede ajuda à advogada Gareth Peirce, que investiga as irregularidades do caso.",https://www.primevideo.com/detail/amzn1.dv.gti.60bb154d-5779-b953-300d-c0953d3c74ef
Memórias de um Assassino,2003,2h 11m,14,"8,1",204 mil,Direção Bong Joon Ho,"Bong Joon Ho, Song Kang-ho, Kim Sang-kyung","Em uma pequena província coreana em 1986, três detetives estão procurando o culpado de uma série de estupros e assassinatos de mulheres jovens.",Sem link Prime
A General,1926,1h 18m,Livre,"8,1",96 mil,Direção Clyde BruckmanBuster Keaton,"Clyde Bruckman, Buster Keaton, Buster Keaton","Uns espiões roubam a amada locomotiva de um engenheiro, ele a persegue sozinho através das linhas inimigas.",Sem link Prime
O Franco Atirador,1978,3h 3m,18,"8,1",353 mil,Direção Michael Cimino,"Michael Cimino, Robert De Niro, Christopher Walken",Um retrato detalhado das maneiras pelas quais a Guerra do Vietnã interrompeu a vida dos habitantes de uma pequena cidade industrial na Pensilvânia.,https://www.primevideo.com/detail/amzn1.dv.gti.c5bdf0bb-7e07-448c-b86a-61c02629ac72
Morangos Silvestres,1957,1h 31m,10,"8,1",112 mil,Direção Ingmar Bergman,"Ingmar Bergman, Victor Sjöström, Bibi Andersson","Depois de viver uma vida marcada pela frieza, um professor idoso é forçado a confrontar o vazio de sua existência.",Sem link Prime
O 3º Homem,1949,1h 44m,14,"8,1",178 mil,Direção Carol Reed,"Carol Reed, Orson Welles, Joseph Cotten","O romancista Holly Martins viaja para sombria, Viena pós-guerra, apenas para ele mesmo investigar a misteriosa morte de um velho amigo, Harry Lime",Sem link Prime
O Salário do Medo,1953,2h 11m,16,"8,2",65 mil,Direção Henri-Georges Clouzot,"Henri-Georges Clouzot, Yves Montand, Charles Vanel","Em uma aldeia da América do Sul, quatro homens são contratados para transportar uma remessa urgente de nitroglicerina, mas sem o equipamento de segurança.",Sem link Prime
Relatos Selvagens,2014,2h 2m,14,"8,1",210 mil,Direção Damián Szifron,"Damián Szifron, Darío Grandinetti, María Marull",Sies historias curtas que exploram o comportamento humano de pessoas desesperadas.,https://www.primevideo.com/detail/amzn1.dv.gti.1eb37d43-c4d5-ed04-5956-207cdcdef597
Bancando o Águia,1924,45m,Passed,"8,2",54 mil,Direção Buster Keaton,"Buster Keaton, Buster Keaton, Kathryn McGuire",Um projecionista de cinema deseja ser um detetive e coloca suas magras habilidades em prática quando um rival o incrimina por roubar o relógio de bolso do pai de sua namorada.,Sem link Prime
Sociedade dos Poetas Mortos,1989,2h 8m,12,"8,1",524 mil,Direção Peter Weir,"Peter Weir, Robin Williams, Robert Sean Leonard",O professor de Inglés John Keating inspira a seus estudantes a ver a poesia duma perspectiva diferente.,Sem link Prime
Mad Max: Estrada da Fúria,2015,2h,16,"8,1","1,1 mi",Direção George Miller,"George Miller, Tom Hardy, Charlize Theron","Num mundo apocalíptico, uma mulher se rebela contra um tirano ao procurar uma nova casa para um grupo de mulheres prisioneiras com a ajuda dum homem chamado Max.",https://www.primevideo.com/detail/amzn1.dv.gti.55901cd8-ab26-47ef-9a91-a474cd7696cd
A Mulher Faz o Homem,1939,2h 9m,Livre,"8,1",119 mil,Direção Frank Capra,"Frank Capra, James Stewart, Jean Arthur","Um homem ingênuo é eleito para ocupar uma vaga no Senado dos Estados Unidos. Seus planos colidem rapidamente com a corrupção política, mas ele não desiste.",https://www.primevideo.com/detail/amzn1.dv.gti.6078ea33-703b-4b6b-ad42-c5c28d8be2a5
Monstros SA,2001,1h 32m,Livre,"8,1",952 mil,Direção Pete DocterDavid SilvermanLee Unkrich,"Pete Docter, David Silverman, Lee Unkrich","Para poder dar electricidade a sua cidade, os monstros tem que assustar a crianças. Pensando que as crianças são perigosas para eles, dois monstros acham que as coisas podem ser diferentes.",Sem link Prime
Tubarão,1975,2h 4m,14,"8,1",642 mil,Direção Steven Spielberg,"Steven Spielberg, Roy Scheider, Robert Shaw","Quando um tubarão desencadea caos numa praia, um xerife, um biologista e um marinheiro daram caça ao animal.",https://www.primevideo.com/detail/amzn1.dv.gti.86acdce1-540f-e7c8-d566-fcc5346101f5
Como Treinar o Seu Dragão,2010,1h 38m,Livre,"8,1",778 mil,Direção Dean DeBloisChris Sanders,"Dean DeBlois, Chris Sanders, Jay Baruchel","Um jovem e desafortunado viking que aspira a caçar dragões se torna o improvável amigo de um jovem dragão, e descobre que pode haver mais nas criaturas do que ele supunha.",https://www.primevideo.com/detail/amzn1.dv.gti.b8b02e3f-9ef9-d61c-e2a3-050bd9ad1c66
Mary e Max: Uma Amizade Diferente,2009,1h 32m,12,"8,1",183 mil,Direção Adam Elliot,"Adam Elliot, Toni Collette, Philip Seymour Hoffman","Relata a estranha história de uma amizade entre dois amigos por correspondência: Mary, uma garota solitária de oito anos que vive nos subúrbios de Melbourne, e Max, um homem obeso de quarenta e quatro anos que vive em Nova York.",Sem link Prime
O Sétimo Selo,1957,1h 36m,12,"8,1",194 mil,Direção Ingmar Bergman,"Ingmar Bergman, Max von Sydow, Gunnar Björnstrand","Um homem procura respostas sobre a vida, a morte e a existência de Deus enquanto joga xadrez contra a morte durante a Morte Negra.",Sem link Prime
O Quarto de Jack,2015,1h 58m,14,"8,1",439 mil,Direção Lenny Abrahamson,"Lenny Abrahamson, Brie Larson, Jacob Tremblay","Um menino é mantido preso em um quarto com sua mãe desde seu nascimento, por isso sua visão do mundo é muito reduzida.",https://www.primevideo.com/detail/amzn1.dv.gti.04b67c0c-555a-1306-0002-e6ce029be2f7
Ford vs Ferrari,2019,2h 32m,12,"8,1",440 mil,Direção James Mangold,"James Mangold, Matt Damon, Christian Bale","Um designer de carros e um motorista combatem a interferência corporativa, as leis da física e seus próprios demônios pessoais para construir um carro de corrida revolucionário para a Ford e desafiar a Ferrari nas 24 Horas de Le Mans em 1966.",Sem link Prime
O Grande Lebowski,1998,1h 57m,14,"8,1",840 mil,Direção Joel CoenEthan Coen,"Joel Coen, Ethan Coen, Jeff Bridges","Jeff The Dude Lebowski, foi confundido por um millonário do mesmo nome e procurará restituçao com a ajuda do seus amigos.",https://www.primevideo.com/detail/amzn1.dv.gti.9ab7d349-9ed9-060c-f426-fe6b9727fdf3
Era uma Vez em Tóquio,1953,2h 16m,10,"8,1",66 mil,Direção Yasujirô Ozu,"Yasujirô Ozu, Chishû Ryû, Chieko Higashiyama","Um casal de idosos visita seus filhos e netos na cidade, mas recebe pouca atenção.",Sem link Prime
Ratatouille,2007,1h 51m,Livre,"8,1",791 mil,Direção Brad BirdJan Pinkava,"Brad Bird, Jan Pinkava, Brad Garrett",Um rato que pode cozinhar forja uma aliança incomum com um jovem garoto em um famoso restaurante em Paris.,https://www.imdb.com/showtimes/title/tt0382932/2023-10-18
Rocky: Um Lutador,1976,2h,12,"8,1",611 mil,Direção John G. Avildsen,"John G. Avildsen, Sylvester Stallone, Talia Shire",Um boxer pouco conhecido tem uma grande oportunidade de enfrentar o campeão dos pesos pesados em uma partida em que ele esperaele espera estar à altura da tarefa e divulgar seu nome.,https://www.primevideo.com/detail/amzn1.dv.gti.beb56442-d85f-5d6d-22e8-f4322532c3a7
Hotel Ruanda,2004,2h 1m,14,"8,1",366 mil,Direção Terry George,"Terry George, Don Cheadle, Sophie Okonedo",Paul Rusesabagina era o gerente de um hotel que abrigava mais de mil refugiados tutsis durante sua luta contra a milícia hutu em Ruanda.,https://www.primevideo.com/detail/amzn1.dv.gti.eeb75a41-ab07-6920-07d4-756d711e4c45
Logan,2017,2h 17m,16,"8,1",806 mil,Direção James Mangold,"James Mangold, Hugh Jackman, Patrick Stewart","Em um futuro em que os mutantes estão quase extintos, um velho e cansado Logan leva uma vida tranquila. Mas quando Laura, uma garota mutante perseguida por cientistas, pede ajuda a ele, ele deve colocá-la em segurança.",Sem link Prime
O Martírio de Joana D'Arc,1928,1h 50m,14,"8,1",59 mil,Direção Carl Theodor Dreyer,"Carl Theodor Dreyer, Maria Falconetti, Eugene Silvain","Em 1431, Joana D'Arc é julgada sob acusações de heresia. Os advogados da Igreja tentam forçar Jeanne a retractar suas reivindicações de visões sagradas.",Sem link Prime
Spotlight: Segredos Revelados,2015,2h 9m,12,"8,1",491 mil,Direção Tom McCarthy,"Tom McCarthy, Mark Ruffalo, Michael Keaton",A verdadeira historia de como o jornal Boston Globe revelou o escândalo de abuso sexual infantil dentro da igreja católica da cidade e que agitou a toda igreja católica no mundo.,https://www.primevideo.com/detail/amzn1.dv.gti.bcb76c16-510d-396e-ec43-652b70372e53
Platoon,1986,2h,14,"8,1",429 mil,Direção Oliver Stone,"Oliver Stone, Charlie Sheen, Tom Berenger",Um jovem soldado do Vietnã se confronta com uma crisis moral frete aos horrores da guerra.,https://www.primevideo.com/detail/amzn1.dv.gti.94b491ab-e3ca-eb96-1d58-437bd22a5c45
O Exterminador do Futuro,1984,1h 47m,14,"8,1",902 mil,Direção James Cameron,"James Cameron, Arnold Schwarzenegger, Linda Hamilton",Um indestrutível robô é enviado de 2029 a 1984 para assassinar a uma jovem garçonete que vai ter um filho que vai liderar uma guerra contra máquinas maa um soldado humano também é enviado para protege-lha.,https://www.primevideo.com/detail/amzn1.dv.gti.7ebacf64-75a7-7e66-5e1d-89310aeb0d75
Jai Bhim,2021,2h 44m,TV-MA,"8,8",211 mil,Direção T.J. Gnanavel,"T.J. Gnanavel, Suriya, Lijo Mol Jose","Quando um homem tribal é preso por um caso de suposto roubo, sua esposa recorre a um advogado de direitos humanos para ajudá-lo a fazer justiça.",https://www.primevideo.com/detail/amzn1.dv.gti.fbf03970-02ad-4c3f-acc7-50fa6956121b
Antes do Pôr do Sol,2004,1h 20m,12,"8,1",280 mil,Direção Richard Linklater,"Richard Linklater, Ethan Hawke, Julie Delpy","Nove anos depois de se conhecer, o Jesse e a Celine se encontram novamente na França.",https://www.primevideo.com/detail/amzn1.dv.gti.cab702fa-aac8-88ef-9d2e-1e5f09b14d38
Rush: No Limite da Emoção,2013,2h 3m,14,"8,1",501 mil,Direção Ron Howard,"Ron Howard, Daniel Brühl, Chris Hemsworth",A história da rivalidade impiedosa nos anos 70 entre os rivais de Fórmula 1 James Hunt e Niki Lauda.,Sem link Prime
Rede de Intrigas,1976,2h 1m,14,"8,1",166 mil,Direção Sidney Lumet,"Sidney Lumet, Faye Dunaway, William Holden",Uma rede de televisão explora os delírios e revelações de um homem perturbado.,https://www.primevideo.com/detail/amzn1.dv.gti.7eb645e0-f83a-141c-45f5-9ad7da16edf3
Conta Comigo,1986,1h 29m,12,"8,1",428 mil,Direção Rob Reiner,"Rob Reiner, Wil Wheaton, River Phoenix","Depois da morte de um de seus velhos amigos, um escritor relembra sua viagem com os amigos de infância para encontrar o corpo de um menino desaparecido.",https://www.primevideo.com/detail/amzn1.dv.gti.88bbd592-9a38-59c1-c319-14d5d9c0162c
Os Melhores Anos de Nossa Vida,1946,2h 50m,Livre,"8,1",69 mil,Direção William Wyler,"William Wyler, Myrna Loy, Dana Andrews",Três veteranos da Segunda Guerra Mundial voltam para casa na cidade pequena da América para descobrir que eles e suas famílias foram mudados irreparavelmente.,Sem link Prime
O Exorcista,1973,2h 2m,14,"8,1",437 mil,Direção William Friedkin,"William Friedkin, Ellen Burstyn, Max von Sydow","Quando uma adolescente é possuída por uma entidade misteriosa, sua mãe busca a ajuda de um padre, que também é um psiquiatra, para salvar sua filha.",https://www.primevideo.com/detail/amzn1.dv.gti.48b50421-6993-e74b-2b8a-7228dcc3291a
O Ódio,1995,1h 38m,16,"8,1",188 mil,Direção Mathieu Kassovitz,"Mathieu Kassovitz, Vincent Cassel, Hubert Koundé",24 horas na vida de três jovens nos subúrbios franceses no dia seguinte a uma rebelião violenta.,Sem link Prime
O Mágico de Oz,1939,1h 42m,Livre,"8,1",418 mil,Direção Victor FlemingKing Vidor,"Victor Fleming, King Vidor, Judy Garland",A Dorothy Gale é levada por um tornado até a mágica cidade de Oz e vá numa viagem com novos amigos que la ajudar a voltar para casa.,https://www.primevideo.com/detail/amzn1.dv.gti.f4b733ac-d3e5-5435-ded8-f0e153ef4593
Piratas do Caribe: A Maldição do Pérola Negra,2003,2h 23m,14,"8,1","1,2 mi",Direção Gore Verbinski,"Gore Verbinski, Johnny Depp, Geoffrey Rush","O ferreiro Will Turner se junta ao capitão Jack Sparrow para salvar seu amor, a filha do governador, dos ex-aliados piratas de Jack, que agora estão vivos.",Sem link Prime
Na Natureza Selvagem,2007,2h 28m,12,"8,1",644 mil,Direção Sean Penn,"Sean Penn, Emile Hirsch, Vince Vaughn","Depois de terminar a universidade, Christopher McCandless deixa pra trás suas posses e vai para o Alasca viver na natureza.",https://www.primevideo.com/detail/amzn1.dv.gti.38900948-6240-496a-95ce-3d6610e631ca
Os Incríveis,2004,1h 55m,Livre,"8,0",782 mil,Direção Brad Bird,"Brad Bird, Craig T. Nelson, Samuel L. Jackson",Uma familia de heróis encobertos tentando viver uma vida tranquila se vem obrigados a salvar o mundo.,Sem link Prime
Ser ou Não Ser,1942,1h 39m,Livre,"8,2",41 mil,Direção Ernst Lubitsch,"Ernst Lubitsch, Carole Lombard, Jack Benny","Durante a ocupação nazista da Polônia, uma trupe de atuação se envolve nos esforços de um soldado polonês para rastrear um espião alemão.",Sem link Prime
Sempre ao Seu Lado,2009,1h 33m,Livre,"8,1",302 mil,Direção Lasse Hallström,"Lasse Hallström, Richard Gere, Joan Allen",Um professor universitário se liga a um cachorro abandonado que ele leva para casa.,Sem link Prime
A Criada,2016,2h 25m,18,"8,1",164 mil,Direção Park Chan-wook,"Park Chan-wook, Kim Min-hee, Ha Jung-woo","Uma mulher é contratada como criada de uma herdeira japonesa, mas secretamente esta envolvida em um plano para defraudá-la.",Sem link Prime
Feitiço do Tempo,1993,1h 41m,12,"8,0",664 mil,Direção Harold Ramis,"Harold Ramis, Bill Murray, Andie MacDowell",Um homem vive o mesmo dia uma e outra vez.,https://www.primevideo.com/detail/amzn1.dv.gti.d4bafd95-f854-e64e-a5be-804bb91b5ebf
A Batalha de Argel,1966,2h 1m,14,"8,1",64 mil,Direção Gillo Pontecorvo,"Gillo Pontecorvo, Brahim Hadjadj, Jean Martin","Nos anos 50, o medo e a violência aumentam à medida que o povo de Argel lutava pela independência do governo francês.",Sem link Prime
As Vinhas da Ira,1940,2h 9m,12,"8,1",98 mil,Direção John Ford,"John Ford, Henry Fonda, Jane Darwell","Uma família pobre no Centro-Oeste é forçada a abandonar suas terras. Eles viajam para a Califórnia, sofrendo os infortúnios dos sem-teto na Grande Depressão.",Sem link Prime
Meu Pai e Meu Filho,2005,1h 52m,Not Rated,"8,2",90 mil,Direção Çagan Irmak,"Çagan Irmak, Çetin Tekindor, Fikret Kuskan",A família de um jornalista de esquerda é separada após o golpe militar na Turquia em 1980.,Sem link Prime
Amores Brutos,2000,2h 34m,16,"8,1",249 mil,Direção Alejandro G. Iñárritu,"Alejandro G. Iñárritu, Emilio Echevarría, Gael García Bernal","Um terrível acidente de carro conecta três histórias, cada uma envolvendo personagens que lidam com a perda, o arrependimento e as duras realidades da vida, tudo em nome do amor.",Sem link Prime
"Rebecca, a Mulher Inesquecível",1940,2h 10m,12,"8,1",143 mil,Direção Alfred Hitchcock,"Alfred Hitchcock, Laurence Olivier, Joan Fontaine",Uma mulher autoconsciente faz malabarismos para se ajustar a seu novo papel de esposa de um aristocrata e evitar ser intimidada pela presença espectral de sua primeira esposa.,Sem link Prime
A Noviça Rebelde,1965,2h 52m,Livre,"8,1",250 mil,Direção Robert Wise,"Robert Wise, Julie Andrews, Christopher Plummer",Uma mulher deixa um convento austríaco para se tornar a instrutora dos filhos de um oficial da marinha viúvo.,Sem link Prime
Rebeldia Indomável,1967,2h 7m,14,"8,1",185 mil,Direção Stuart Rosenberg,"Stuart Rosenberg, Paul Newman, George Kennedy","Um sulista quieto é condenado a dois anos em uma prisão rural, mas se recusa a obedecer.",https://www.primevideo.com/detail/amzn1.dv.gti.1ebaa0dd-c2bc-e26e-e45f-985f7dd09ee5
A Canção da Estrada,1955,2h 5m,12,"8,2",36 mil,Direção Satyajit Ray,"Satyajit Ray, Kanu Bannerjee, Karuna Bannerjee","O padre Harihar Ray, sonhando com uma vida melhor para si e sua família, deixa sua aldeia rural de Bengala em busca de trabalho.",Sem link Prime
O Gigante de Ferro,1999,1h 26m,Livre,"8,1",217 mil,Direção Brad Bird,"Brad Bird, Eli Marienthal, Harry Connick Jr.","Um jovem faz amizade com um robô gigante do espaço, um paranóico agente do governo quer que seja destruído.",https://www.primevideo.com/detail/amzn1.dv.gti.38bc264a-62c5-9fcc-ada9-63b172fc2be8
Aconteceu Naquela Noite,1934,1h 45m,Livre,"8,1",109 mil,Direção Frank Capra,"Frank Capra, Clark Gable, Claudette Colbert",Uma herdeira mimada que foge de sua família é ajudada por um homem que na verdade é um repórter que precisa de uma história.,https://www.primevideo.com/detail/amzn1.dv.gti.21cc52bc-e1e0-4ee0-83f9-f5b31a64c381
Histórias Cruzadas,2011,2h 26m,12,"8,1",481 mil,Direção Tate Taylor,"Tate Taylor, Viola Davis, Emma Stone",Uma aspirante a escritora durante o movimento dos direitos civis nos anos 60 nos Estados Unidos decide escrever um livro sobre as experiências das criadas negras que trabalhavam para as famílias brancas.,Sem link Prime
Os Incompreendidos,1959,1h 39m,12,"8,1",125 mil,Direção François Truffaut,"François Truffaut, Jean-Pierre Léaud, Albert Rémy","Uma criança, sem atenção, entra em uma vida de pequenos crimes.",Sem link Prime
Quando Duas Mulheres Pecam,1966,1h 25m,14,"8,1",127 mil,Direção Ingmar Bergman,"Ingmar Bergman, Bibi Andersson, Liv Ullmann",Uma enfermeira é encarregada de uma atriz silenciosa e descobre que sua personalidade parece convergir em uma.,Sem link Prime
A Vida de Brian,1979,1h 34m,14,"8,0",415 mil,Direção Terry Jones,"Terry Jones, Graham Chapman, John Cleese","Nascido no Natal original no estábulo ao lado de Jesus, Brian de Nazaret passa a vida confundido com um messias.",Sem link Prime
Aladdin,1992,1h 30m,Livre,"8,0",450 mil,Direção Ron ClementsJohn Musker,"Ron Clements, John Musker, Scott Weinger",Um menino de rua bondoso e um Vizir competem por uma lâmpada mágica que tem o poder de realizar seus mais profundos desejos.,Sem link Prime
Dança com Lobos,1990,3h 1m,14,"8,0",282 mil,Direção Kevin Costner,"Kevin Costner, Kevin Costner, Mary McDonnell","O tenente John Dunbar, designado para um posto remoto da Guerra Civil, faz amizade com lobos e índios, se tornando intolerável nas forças armadas.",Sem link Prime
